id,firstName,lastName,salary,managerId
1,Emily,Martin,20314,
2,Alexander,Wright,20371,1
3,Alice,Rodriguez,8794,1
4,Eva,Martinez,18940,1
5,Daniel,Thompson,35729,2
6,Harper,White,42095,3
7,David,Johnson,42302,6
8,Mia,Smith,49021,1
9,Eva,Lopez,42919,7
10,David,Williams,11741,4
11,Grace,Jackson,30032,8
12,Emily,Brown,39581,8
13,Eva,Lee,29654,7
14,Bob,Williams,41116,10
15,Olivia,Martin,13642,9
16,Alice,Lee,23286,15
17,Alexander,Moore,5062,14
18,Benjamin,Taylor,7032,10
19,Alice,Wilson,38443,9
20,John,Rodriguez,13623,6
21,Alexander,Moore,45848,10
22,Noah,Lee,49756,4
23,Grace,Clark,13858,15
24,Sophia,Walker,20661,21
25,Ava,Rodriguez,26508,12
26,Michael,Wright,21441,18
27,Lucas,Hernandez,21576,19
28,Isabella,Clark,30069,4
29,Amelia,Martinez,2386,12
30,John,Thompson,16816,14
31,Daniel,Thompson,48580,17
32,Sophia,Wilson,19478,22
33,Grace,Hernandez,40152,4
34,David,Martin,27913,32
35,David,Gonzalez,45510,25
36,William,Wright,30217,21
37,Noah,Lopez,46139,11
38,Eva,Hernandez,46919,10
39,Eva,Martin,4969,15
40,Bob,Thomas,42684,5
41,John,Thomas,4720,34
42,James,Rodriguez,16209,32
43,Bob,Anderson,13482,3
44,Lucas,Martin,49750,26
45,Michael,Clark,35311,42
46,James,Wright,16383,12
47,Emma,Moore,17266,36
48,Amelia,Taylor,4647,41
49,Benjamin,Johnson,11495,23
50,Alice,Wilson,28795,39
51,Alexander,Anderson,29423,42
52,Daniel,Taylor,49144,47
53,Isabella,Lee,26549,24
54,Michael,Hernandez,14230,5
55,Ava,Thomas,30413,24
56,Ethan,Moore,30184,6
57,Alice,Thomas,10716,35
58,Isabella,Walker,46330,44
59,Ethan,White,42511,20
60,Michael,Brown,28142,52
61,Bob,Thomas,42264,19
62,Ava,Wilson,47828,50
63,Charlotte,Smith,31177,37
64,Emma,Lopez,28060,28
65,James,Taylor,13425,1
66,Benjamin,Wilson,19657,20
67,William,Gonzalez,1901,17
68,Alexander,Anderson,20227,2
69,Emily,Rodriguez,18286,9
70,Ava,Walker,1110,41
71,Lucas,Wright,39798,25
72,David,Martinez,2483,19
73,David,Thomas,44194,22
74,Ethan,Davis,1610,72
75,Ava,Rodriguez,38289,20
76,Alexander,Smith,4006,66
77,Bob,Brown,6302,15
78,David,Martinez,38132,24
79,Olivia,Brown,43768,37
80,William,Lopez,23581,21
81,Alice,Wilson,49034,45
82,Ava,Davis,32139,30
83,Lucas,Wilson,597,74
84,Harper,Garcia,33459,75
85,Amelia,Martinez,5270,61
86,William,Thompson,7529,21
87,Amelia,Thompson,20674,57
88,Michael,Wilson,11659,53
89,Lucas,Rodriguez,12717,17
90,Daniel,Anderson,3703,78
91,Eva,Moore,36042,59
92,Emily,Hernandez,11873,61
93,John,Rodriguez,12639,17
94,Harper,Wright,15075,46
95,John,Lopez,34350,34
96,Bob,Smith,3808,80
97,Sophia,Johnson,45172,43
98,Alice,Garcia,19436,75
99,Emma,White,34577,82
100,Alice,Martin,45778,69
101,James,Martin,25479,37
102,Bob,Thompson,10516,28
103,Bob,Martin,26466,85
104,Ethan,Hernandez,42495,47
105,Charlotte,White,24662,81
106,Emily,Anderson,7151,68
107,David,Thomas,33428,42
108,David,Gonzalez,7566,45
109,Amelia,Anderson,28044,39
110,Michael,Anderson,21504,37
111,Ethan,Martin,3808,41
112,Charlotte,Smith,44197,34
113,John,Smith,43317,10
114,Charlotte,Anderson,33901,85
115,Michael,Rodriguez,12553,68
116,Ava,Smith,32527,30
117,Amelia,Williams,38011,95
118,Isabella,Rodriguez,35512,108
119,Mia,Williams,1050,48
120,Olivia,Martinez,27184,60
121,Lucas,Martinez,47485,39
122,Harper,Moore,22456,1
123,Emma,Lopez,40904,100
124,William,Gonzalez,44995,81
125,Isabella,Rodriguez,3070,108
126,Ava,Clark,36580,64
127,Noah,Rodriguez,41649,66
128,Alice,Garcia,2426,115
129,Alexander,Jackson,29454,49
130,Amelia,Wilson,49879,116
131,Olivia,Rodriguez,18705,115
132,Benjamin,Hernandez,40338,98
133,John,Rodriguez,16580,79
134,Eva,Smith,9478,11
135,Eva,Martinez,11557,39
136,James,Williams,49743,16
137,Charlotte,Martin,29686,42
138,William,Clark,11762,47
139,Ava,Lee,14683,54
140,John,Anderson,24179,126
141,Grace,Anderson,36004,4
142,Amelia,White,11624,63
143,Emily,Gonzalez,23249,104
144,Daniel,Williams,15195,64
145,Olivia,Thompson,17074,48
146,James,Garcia,2200,42
147,Alice,Hernandez,47074,137
148,David,Jackson,7245,56
149,John,Wright,17334,76
150,Noah,Lopez,17350,65
151,Emma,Moore,33280,110
152,Lucas,Anderson,39302,111
153,Daniel,Williams,42889,22
154,Alexander,Rodriguez,26566,132
155,Emma,Moore,47441,112
156,Bob,Gonzalez,48199,104
157,David,Jackson,1738,3
158,Noah,Jackson,31466,129
159,Emma,Johnson,40226,155
160,Noah,Martin,45187,57
161,Emma,Rodriguez,23888,113
162,Harper,Garcia,2552,14
163,William,Martinez,49339,25
164,James,Lee,8364,84
165,Grace,Martin,34415,72
166,Lucas,Davis,43039,117
167,Alice,Brown,19151,62
168,Michael,Garcia,47602,25
169,Harper,Wright,2631,8
170,Amelia,Thompson,38529,155
171,Bob,Williams,11073,87
172,Michael,Wright,12091,9
173,Ava,Rodriguez,49611,50
174,David,Brown,21894,149
175,John,Rodriguez,21903,43
176,Ava,Clark,13450,27
177,James,Thomas,20173,3
178,Bob,Gonzalez,6709,151
179,Ava,Davis,28534,147
180,Alexander,Garcia,44635,92
181,Michael,Rodriguez,5513,52
182,Eva,White,35187,166
183,Alice,Garcia,31603,72
184,Eva,Clark,11809,24
185,Emily,Brown,27947,62
186,David,Garcia,49687,47
187,Michael,Wilson,48035,158
188,Grace,Hernandez,16924,60
189,Lucas,Wilson,46521,132
190,Liam,Hernandez,13746,84
191,Liam,Rodriguez,9501,15
192,Charlotte,White,4552,123
193,Grace,Gonzalez,14519,151
194,Daniel,Anderson,2031,20
195,Ethan,Lopez,32717,170
196,Michael,Martin,4517,139
197,Mia,Johnson,9398,17
198,Lucas,Rodriguez,36111,170
199,Grace,Jackson,32582,184
200,Isabella,Davis,36827,155
201,Liam,Jackson,34786,59
202,Amelia,Johnson,8126,138
203,Ethan,Johnson,34597,131
204,James,Davis,17170,95
205,Noah,Rodriguez,34472,148
206,Ava,Gonzalez,34887,147
207,Lucas,Wilson,8598,177
208,Ava,Garcia,32678,180
209,Alice,Clark,31783,176
210,Harper,Thomas,22687,171
211,Ethan,Jackson,28309,191
212,James,Thompson,40988,3
213,Mia,Thomas,12659,64
214,Olivia,Rodriguez,6989,117
215,Emma,Jackson,37884,149
216,William,Wilson,17893,146
217,Charlotte,Williams,5005,18
218,Charlotte,Anderson,30121,143
219,David,Williams,25100,211
220,David,Rodriguez,21337,188
221,James,Lopez,42226,213
222,Ava,Lopez,14855,28
223,Alexander,Rodriguez,8199,70
224,Charlotte,Brown,43254,187
225,Mia,Taylor,41757,194
226,Amelia,Rodriguez,631,97
227,David,Smith,22918,19
228,Amelia,Taylor,10764,1
229,Alice,Wright,28179,163
230,James,White,32999,97
231,William,Wright,9368,53
232,Olivia,Smith,39837,164
233,David,Lopez,25216,83
234,Charlotte,Wilson,21313,118
235,John,Garcia,41739,166
236,Bob,Davis,4791,16
237,David,Rodriguez,37934,6
238,Harper,Lopez,44238,38
239,Alexander,Thompson,31816,139
240,Alice,Jackson,1459,149
241,Emma,Walker,33072,129
242,Eva,Martinez,42621,212
243,Ava,Davis,29000,142
244,Bob,Anderson,18453,146
245,Bob,Jackson,47027,55
246,Michael,Wright,19747,139
247,Liam,Brown,29824,223
248,Ava,Brown,13428,242
249,Olivia,White,20350,154
250,Ethan,Wright,21524,80
251,Ethan,Gonzalez,17711,207
252,Bob,Moore,11165,208
253,Noah,Brown,47928,45
254,Charlotte,Martin,38746,105
255,Amelia,Clark,3545,122
256,Grace,Jackson,22119,232
257,Ethan,Martinez,43041,220
258,Olivia,Smith,14683,255
259,Bob,Rodriguez,37025,89
260,John,Smith,35253,6
261,Mia,Gonzalez,5218,89
262,James,Smith,43134,181
263,Harper,Davis,5083,67
264,Lucas,Williams,5829,241
265,Daniel,Clark,37889,250
266,Bob,Taylor,25306,254
267,Amelia,Johnson,37420,156
268,Grace,Johnson,8071,17
269,Grace,Thomas,42578,48
270,Ethan,Johnson,16807,149
271,John,Gonzalez,10412,71
272,Noah,Brown,1965,71
273,Noah,Williams,33392,212
274,Isabella,Martinez,35547,150
275,Lucas,Johnson,13741,248
276,Mia,Gonzalez,9530,51
277,Isabella,Walker,42977,96
278,Mia,Rodriguez,41458,214
279,Emily,Thomas,26943,56
280,Alexander,Davis,13362,150
281,Bob,Brown,3251,237
282,Ava,Thompson,16509,110
283,Noah,Martinez,32499,151
284,John,Gonzalez,46943,47
285,Benjamin,Walker,18392,122
286,Bob,White,24671,7
287,James,Wilson,20909,123
288,Michael,Moore,41062,196
289,Daniel,Hernandez,16124,103
290,Alice,Thompson,19364,32
291,Harper,Taylor,46381,217
292,Isabella,Johnson,6929,241
293,David,Davis,15686,216
294,Michael,Wilson,42307,134
295,Alice,Clark,32453,179
296,David,Rodriguez,15917,71
297,Isabella,Martinez,28791,225
298,Mia,Wilson,4052,219
299,James,Rodriguez,34347,37
300,Emily,Smith,27546,24
301,Noah,Wright,37993,254
302,John,Smith,38940,119
303,Emily,Thomas,41058,54
304,James,Anderson,21576,8
305,Michael,Johnson,25468,93
306,Lucas,Thomas,29741,115
307,Sophia,Brown,28860,105
308,Alice,Jackson,42941,240
309,Mia,Anderson,13898,190
310,Harper,Martinez,40584,257
311,Charlotte,Davis,27971,151
312,Alexander,Martinez,32913,78
313,Michael,White,30003,210
314,William,White,23035,291
315,Benjamin,Lopez,16395,314
316,Mia,Hernandez,1739,102
317,Noah,Hernandez,17676,153
318,Michael,Hernandez,11203,76
319,Liam,Wilson,17431,210
320,Michael,Martin,43424,66
321,Grace,Thompson,45666,318
322,Benjamin,Martin,29853,197
323,Grace,Lee,38988,186
324,John,Smith,31444,151
325,Sophia,Lopez,46621,72
326,Amelia,Rodriguez,43903,265
327,John,Hernandez,23014,302
328,Olivia,Clark,9499,114
329,Mia,Gonzalez,33436,146
330,David,Jackson,17200,248
331,Ethan,Jackson,23157,276
332,Charlotte,Garcia,33255,9
333,Grace,Thompson,43450,178
334,Ethan,Hernandez,44951,3
335,Isabella,Wright,43180,316
336,Eva,Thomas,16135,202
337,Benjamin,White,4918,39
338,James,Williams,37847,31
339,Mia,Thompson,27303,69
340,Bob,Wilson,49858,307
341,Bob,Taylor,31662,136
342,Bob,Jackson,42809,57
343,Emma,Thomas,25631,252
344,Emma,Lopez,44365,151
345,Mia,Moore,45110,337
346,Alice,Gonzalez,1271,299
347,Ava,Wilson,24801,181
348,Emma,Wright,16755,217
349,Bob,Clark,1148,129
350,Olivia,Johnson,46144,222
351,Alexander,Jackson,10235,21
352,David,Rodriguez,33498,207
353,James,Smith,35976,45
354,Alexander,Johnson,49357,310
355,Noah,Wright,26451,208
356,Ava,Gonzalez,24824,4
357,Olivia,Gonzalez,22473,227
358,Charlotte,Rodriguez,15684,65
359,Grace,Thomas,44676,139
360,Emma,Martin,23764,30
361,Emily,Jackson,35850,346
362,Isabella,Jackson,24265,264
363,Liam,Jackson,25192,113
364,Harper,Davis,43274,98
365,Daniel,Davis,29647,238
366,Sophia,Lopez,49749,95
367,Harper,Thomas,35588,127
368,Liam,Gonzalez,28429,303
369,Sophia,Thomas,30741,220
370,Daniel,White,16395,292
371,Ethan,Taylor,49113,194
372,Olivia,Martin,48952,348
373,Mia,Anderson,2641,243
374,Mia,Davis,48024,83
375,Amelia,Thomas,27193,87
376,Benjamin,Clark,30464,78
377,David,Smith,7667,25
378,William,Lopez,24117,124
379,Isabella,Brown,47579,269
380,Ava,Gonzalez,47800,140
381,Ethan,Thomas,31111,255
382,John,Lee,6769,17
383,John,Taylor,26177,348
384,Isabella,Martinez,21472,131
385,Ava,Moore,21763,87
386,Noah,Taylor,44534,266
387,Isabella,Lopez,46299,374
388,Ava,Rodriguez,9451,301
389,Noah,Thomas,36133,282
390,James,Garcia,14556,262
391,Michael,Rodriguez,8246,290
392,Daniel,Gonzalez,17366,120
393,Michael,Jackson,35860,154
394,David,Wright,43362,46
395,Grace,Hernandez,26666,85
396,Alice,Garcia,971,183
397,Sophia,White,8736,309
398,Benjamin,Martin,35306,92
399,William,Thomas,35490,71
400,Michael,White,16980,217
401,Liam,Williams,33140,193
402,Isabella,Lopez,41064,305
403,Michael,Taylor,20035,221
404,William,Martin,19071,332
405,Emma,Lopez,7660,323
406,Alice,Garcia,13626,135
407,William,Hernandez,7092,49
408,Eva,White,30767,325
409,Isabella,Martinez,28862,42
410,William,Brown,1303,92
411,Alexander,Anderson,45800,65
412,John,Brown,36293,76
413,William,Walker,31770,251
414,David,Williams,24202,278
415,Eva,Moore,18430,217
416,Liam,White,45614,315
417,William,Clark,27724,77
418,Amelia,Lee,15212,367
419,Emily,Rodriguez,32997,59
420,Isabella,Davis,47705,34
421,Grace,White,8513,415
422,Sophia,Smith,26042,356
423,John,Moore,12091,13
424,Olivia,Martinez,49171,366
425,Harper,Johnson,42571,22
426,Mia,Rodriguez,12051,176
427,Michael,Thompson,29044,378
428,Liam,Garcia,36410,405
429,Ethan,Rodriguez,43861,428
430,Isabella,Walker,27932,314
431,Michael,Lopez,18006,56
432,Harper,Garcia,9939,27
433,Harper,Smith,14555,370
434,Alice,Hernandez,32647,399
435,Ava,Williams,25006,237
436,Eva,Hernandez,16001,426
437,Emily,Gonzalez,1356,183
438,Bob,Wilson,24531,76
439,Harper,Thomas,978,140
440,Daniel,Anderson,25483,219
441,Ava,Hernandez,17433,200
442,Olivia,Lopez,41996,148
443,Benjamin,Thomas,40748,292
444,Grace,Gonzalez,6328,383
445,Emily,Clark,31422,171
446,James,Martin,35560,101
447,David,Brown,30908,237
448,Harper,Davis,39919,417
449,Olivia,Jackson,38424,306
450,Olivia,Moore,34562,151
451,Daniel,Martinez,38256,382
452,Grace,Jackson,15521,278
453,Benjamin,Garcia,6968,104
454,Emma,Davis,556,163
455,Grace,Thomas,26891,402
456,Amelia,Wright,37344,413
457,Sophia,Thompson,39397,194
458,Ava,Moore,3469,42
459,Charlotte,Anderson,25297,255
460,Benjamin,Walker,16152,399
461,Charlotte,White,34612,335
462,Liam,Anderson,30146,208
463,Bob,White,43983,177
464,Ava,Davis,747,160
465,Mia,Smith,17023,164
466,Sophia,Williams,24128,343
467,Liam,Wright,25266,89
468,Charlotte,Thompson,16381,226
469,Isabella,Garcia,865,382
470,Grace,Lopez,4379,160
471,Emily,Anderson,48261,252
472,Mia,Brown,20609,300
473,Alexander,Gonzalez,26721,193
474,Ethan,Hernandez,35198,286
475,Sophia,Wilson,30932,63
476,Emily,Gonzalez,14452,304
477,Noah,Wilson,31350,183
478,Liam,Davis,18094,214
479,Emma,Walker,1945,297
480,Eva,Rodriguez,9625,462
481,Liam,Rodriguez,33776,443
482,Ava,Williams,16731,344
483,Ethan,Martinez,18811,116
484,Ethan,Wright,36746,344
485,Charlotte,White,9190,204
486,Eva,White,27565,15
487,Emma,Hernandez,25917,62
488,Noah,Wilson,22948,151
489,Grace,Clark,24023,321
490,Ava,Brown,45436,167
491,Harper,Thomas,42056,337
492,Alice,Williams,45563,229
493,Amelia,Lee,47890,352
494,James,Taylor,12756,249
495,Amelia,Davis,21523,434
496,Ava,Taylor,27853,258
497,Grace,Anderson,15343,209
498,Ava,Wilson,13331,132
499,Ava,Clark,23024,278
500,Daniel,Lee,31333,290
501,Emma,Anderson,17429,356
502,Ava,Moore,16309,144
503,Amelia,Moore,12510,94
504,Alexander,Clark,34512,219
505,Sophia,Gonzalez,6328,220
506,Michael,Jackson,19120,66
507,Ethan,Martin,6385,322
508,Emma,Lopez,17783,416
509,Bob,Garcia,37951,446
510,William,Martin,19326,460
511,Mia,Martin,14920,321
512,Eva,Wright,17154,362
513,Amelia,Thompson,7098,189
514,Ava,Moore,42581,288
515,Olivia,Wilson,43428,423
516,Emily,Wilson,4035,450
517,Bob,Martinez,39888,427
518,Sophia,Wright,16784,381
519,Alice,Thompson,23959,517
520,Alice,Rodriguez,10317,468
521,Benjamin,Lee,26372,374
522,Benjamin,Brown,38587,441
523,Michael,Thompson,16801,256
524,Charlotte,Anderson,47502,263
525,Lucas,Wright,4908,140
526,Amelia,Rodriguez,29778,360
527,Liam,Rodriguez,29538,217
528,William,Lopez,34202,489
529,Eva,Rodriguez,16115,20
530,Noah,Davis,36867,107
531,Emily,Clark,39338,56
532,Michael,Wilson,21640,51
533,Amelia,Taylor,42285,324
534,Grace,Johnson,39415,365
535,Ethan,Lee,32243,463
536,Bob,Taylor,6776,296
537,James,Lopez,37885,54
538,Alexander,Walker,10120,470
539,Charlotte,Gonzalez,27830,229
540,Ethan,Gonzalez,35027,240
541,Harper,Jackson,40661,156
542,Alice,Smith,18939,516
543,Grace,Anderson,29113,140
544,John,Thomas,37364,455
545,Eva,Smith,13047,385
546,Michael,Brown,25511,153
547,Ava,Rodriguez,2707,312
548,Charlotte,Clark,16234,77
549,James,Garcia,39379,477
550,William,Brown,10826,84
551,Emily,Thomas,27200,515
552,Ava,Clark,37088,20
553,Liam,Anderson,3324,379
554,Noah,Taylor,1137,340
555,Mia,Martin,34905,549
556,Grace,Hernandez,11509,203
557,James,Thompson,47314,548
558,John,Lopez,31509,310
559,Alexander,Johnson,20173,136
560,Eva,Smith,34150,402
561,Sophia,Gonzalez,30655,102
562,Isabella,Wilson,37067,261
563,Alice,Rodriguez,38522,136
564,Charlotte,Brown,42323,140
565,John,Garcia,4409,214
566,William,Anderson,11103,139
567,Ava,Anderson,45386,494
568,Alice,Wright,30557,35
569,Lucas,Lee,2243,185
570,Bob,Rodriguez,40706,411
571,Liam,Jackson,44458,334
572,Noah,Thompson,49328,316
573,John,Brown,2576,232
574,James,Thompson,21729,35
575,Alice,Wright,30606,52
576,Michael,Walker,2263,222
577,Bob,Martin,6414,69
578,Charlotte,Thompson,41060,368
579,Bob,Martinez,47609,521
580,Daniel,White,35740,18
581,Eva,Anderson,15384,241
582,Sophia,Lopez,15525,303
583,Daniel,Brown,41693,4
584,Emily,Williams,44875,259
585,Harper,Wilson,18270,306
586,Ava,Hernandez,21559,347
587,John,Davis,25411,361
588,Emma,Thomas,5955,21
589,Emma,Hernandez,2875,483
590,Liam,Brown,30846,40
591,James,Smith,12763,413
592,Isabella,Wilson,43830,443
593,Michael,Gonzalez,21196,68
594,Ethan,White,43541,566
595,Bob,Wilson,5579,375
596,Harper,Hernandez,43813,434
597,Grace,Hernandez,26553,170
598,Emily,Wright,42260,288
599,Ethan,Williams,11358,176
600,Michael,Lee,12254,400
601,Noah,Wright,47551,489
602,James,Anderson,6885,477
603,Alexander,Rodriguez,27394,60
604,Alice,Davis,5170,581
605,William,Clark,23950,405
606,Eva,Lopez,26063,41
607,Michael,Gonzalez,26659,274
608,Emma,Lee,26106,147
609,Olivia,Williams,24287,496
610,Daniel,Lopez,23294,256
611,Michael,Rodriguez,14755,308
612,Isabella,Smith,10027,368
613,Amelia,Taylor,48220,499
614,Emma,Garcia,41818,255
615,Daniel,Garcia,35871,500
616,Benjamin,White,7631,371
617,Alexander,Rodriguez,34941,479
618,Emma,Walker,10629,55
619,Alice,Smith,28057,569
620,Noah,Martinez,23458,397
621,Alice,Gonzalez,38955,107
622,Michael,Johnson,3741,516
623,Grace,Anderson,4704,503
624,John,Moore,40100,507
625,Bob,Lee,25293,568
626,Sophia,Williams,20867,453
627,David,Brown,25573,556
628,David,Brown,42081,624
629,Noah,Williams,32535,85
630,Sophia,Wilson,30900,303
631,Amelia,Wilson,31237,46
632,James,Davis,1042,498
633,Lucas,Rodriguez,21803,70
634,Ava,Davis,25994,572
635,Benjamin,Thompson,8987,510
636,Olivia,Gonzalez,21230,378
637,Alice,Gonzalez,38950,164
638,Olivia,Anderson,30112,246
639,Lucas,Moore,40259,547
640,Amelia,Garcia,5545,575
641,Olivia,Rodriguez,14165,224
642,James,Walker,4538,598
643,Harper,Taylor,35825,133
644,Amelia,White,2474,109
645,Michael,Brown,48108,259
646,Liam,Martin,22061,272
647,Bob,Martin,35120,146
648,Eva,Walker,39736,50
649,Emily,Garcia,19103,548
650,Alice,Hernandez,28946,366
651,Charlotte,Thompson,15855,37
652,James,Brown,40068,267
653,Liam,Anderson,26143,635
654,Charlotte,Taylor,40618,456
655,Olivia,Smith,41254,555
656,James,Taylor,32216,189
657,Lucas,Moore,29593,579
658,James,Davis,37976,397
659,Ava,Clark,22985,611
660,John,Davis,40564,389
661,Alice,Walker,32964,305
662,Alice,Garcia,40446,207
663,Daniel,Wilson,27648,229
664,Alexander,Thompson,26815,650
665,Emma,Thompson,8759,447
666,Noah,Thomas,9655,591
667,Harper,Wright,6973,29
668,David,Rodriguez,3952,62
669,Olivia,Thompson,33312,300
670,Alexander,Walker,39476,330
671,Alexander,Walker,41039,545
672,Olivia,Moore,18972,93
673,Bob,Thompson,36043,46
674,Lucas,Lopez,27189,319
675,Charlotte,Martinez,30541,511
676,James,Clark,21797,331
677,Alexander,Martinez,49206,585
678,Harper,Martinez,14638,652
679,William,Williams,10651,106
680,Noah,Garcia,16633,589
681,Harper,Brown,20603,558
682,Sophia,Lee,23885,40
683,Olivia,Martin,786,326
684,Mia,Gonzalez,30544,266
685,Isabella,Hernandez,26883,194
686,David,Garcia,25368,237
687,Liam,Brown,3724,547
688,Grace,Martinez,24259,614
689,David,Walker,7168,377
690,Sophia,Martinez,3574,200
691,Noah,Lee,49753,553
692,Daniel,Wright,10389,508
693,William,Hernandez,42243,113
694,Harper,Taylor,38994,535
695,Daniel,Williams,12321,510
696,Benjamin,Davis,25423,363
697,Liam,Martin,32555,26
698,Olivia,Lee,38342,387
699,Michael,Hernandez,18263,340
700,Mia,Garcia,5598,560
701,William,Walker,40254,522
702,Ethan,Gonzalez,44117,527
703,Alexander,Johnson,32683,92
704,Noah,Wilson,42393,572
705,William,Williams,43490,324
706,Grace,Martinez,38265,558
707,Alexander,Clark,26715,460
708,Alice,Martinez,34724,133
709,Alexander,Taylor,46692,364
710,Noah,Moore,21103,33
711,Amelia,Hernandez,28065,110
712,Bob,Moore,32873,450
713,Emily,Brown,16085,117
714,Sophia,Hernandez,28309,355
715,Emma,Walker,17299,643
716,Alexander,Walker,22828,715
717,Mia,Anderson,1542,453
718,Harper,Martinez,47110,557
719,Benjamin,Thomas,32756,717
720,Olivia,Brown,26258,434
721,Noah,Rodriguez,48181,93
722,Liam,Garcia,22496,412
723,Alexander,Davis,36597,532
724,Bob,Brown,49406,580
725,Bob,Lee,5857,77
726,Harper,Johnson,20215,596
727,David,Johnson,27305,185
728,Eva,Martin,4943,451
729,Lucas,Williams,6431,104
730,Sophia,Johnson,30603,74
731,Amelia,Lee,28037,287
732,Daniel,Martinez,14590,287
733,David,Smith,36582,327
734,David,Williams,16913,343
735,John,Lee,45462,634
736,Isabella,Taylor,14496,339
737,Charlotte,Smith,27341,324
738,Sophia,Davis,41830,107
739,David,Rodriguez,21467,137
740,Bob,Garcia,20477,663
741,Daniel,Williams,25682,304
742,Sophia,Wright,44874,644
743,James,Jackson,7781,393
744,Michael,Lopez,7437,743
745,John,Thompson,27784,13
746,Noah,Clark,3478,374
747,Olivia,White,22933,746
748,Mia,Johnson,9099,31
749,Ethan,Garcia,37424,288
750,Alexander,Wright,39344,586
751,Emma,Gonzalez,37375,367
752,John,Davis,25292,521
753,Olivia,Thomas,31521,549
754,Emma,Thompson,5305,539
755,Alice,Johnson,36753,691
756,Michael,Martin,49406,613
757,Alexander,Wright,22789,571
758,Ava,Walker,21933,214
759,Benjamin,Martinez,11736,657
760,Daniel,Thomas,15235,6
761,Amelia,Thompson,38731,442
762,Harper,Rodriguez,3823,695
763,Alexander,Walker,19400,395
764,Lucas,Rodriguez,9309,483
765,Ethan,Clark,32422,380
766,Alice,Walker,42481,210
767,Ava,Rodriguez,41599,704
768,Sophia,Wilson,3763,325
769,Isabella,Anderson,11526,742
770,Emma,Taylor,7632,637
771,Lucas,Thomas,43585,651
772,James,Thompson,41567,147
773,Lucas,Taylor,47938,146
774,Ethan,Wright,36484,292
775,Alexander,White,1156,289
776,Bob,Clark,6658,544
777,John,Gonzalez,7679,417
778,Alice,Moore,15154,513
779,James,Walker,46608,450
780,Bob,Garcia,42922,668
781,Noah,White,21857,375
782,Ava,Rodriguez,12107,310
783,Emily,Walker,27797,386
784,James,Thomas,8904,258
785,Daniel,Martin,26602,356
786,Michael,Lee,26324,264
787,Alexander,Martinez,22970,407
788,Noah,Wilson,26938,388
789,Olivia,Davis,558,620
790,Isabella,Moore,12310,595
791,Alexander,Davis,12488,764
792,Eva,Wright,21571,340
793,Sophia,Moore,1098,168
794,Ava,Taylor,20418,291
795,Harper,Brown,8035,312
796,Harper,Lee,1295,535
797,David,Rodriguez,23619,179
798,Amelia,Martin,25207,56
799,Ava,Wright,2930,263
800,David,Lopez,27221,352
801,Isabella,Walker,24155,88
802,Eva,Wright,23044,116
803,Alice,Gonzalez,24535,524
804,Grace,White,13527,571
805,Olivia,Wilson,8526,2
806,Charlotte,Rodriguez,31394,738
807,Michael,Jackson,8904,437
808,Sophia,Hernandez,22889,108
809,Bob,Wilson,26194,396
810,Emma,Davis,10862,84
811,Isabella,Garcia,43836,8
812,James,Brown,5866,534
813,Ethan,Taylor,913,460
814,Bob,Wright,19509,2
815,Emma,Brown,32028,107
816,Bob,Williams,38326,455
817,Lucas,Rodriguez,37449,807
818,Alexander,Lopez,43334,226
819,Alice,Johnson,45058,718
820,Emma,Davis,28909,746
821,Eva,Martinez,46935,769
822,Alice,Williams,12342,180
823,Charlotte,Thomas,29543,226
824,Liam,Lopez,13769,644
825,Sophia,Rodriguez,49410,454
826,Ava,Anderson,16259,497
827,David,Johnson,32685,11
828,Daniel,Thomas,29379,153
829,Isabella,Johnson,3488,568
830,Lucas,Gonzalez,44623,192
831,Alice,Lee,12352,293
832,Grace,Johnson,932,518
833,Isabella,Davis,4620,691
834,James,Williams,46755,319
835,Charlotte,Brown,37785,435
836,Sophia,Wright,44222,376
837,Amelia,Walker,20570,722
838,Grace,Wright,38285,112
839,Michael,Wright,23631,118
840,Emily,Garcia,33799,503
841,Isabella,Smith,34636,513
842,Olivia,Brown,20277,809
843,Daniel,Moore,22941,170
844,Alice,Hernandez,8698,584
845,Emma,Davis,39952,662
846,Daniel,Wilson,19563,453
847,Mia,Gonzalez,28846,295
848,James,White,20384,589
849,Liam,Rodriguez,5967,546
850,Amelia,Moore,38676,642
851,John,Johnson,12621,380
852,Emma,Thompson,17508,357
853,Mia,Smith,32865,273
854,Benjamin,Williams,36260,529
855,Alice,Hernandez,29189,170
856,Alexander,Davis,29221,613
857,Benjamin,Martin,19270,82
858,Ethan,Rodriguez,13184,834
859,William,Rodriguez,24131,263
860,Sophia,Gonzalez,34379,228
861,Lucas,Jackson,3594,70
862,Ethan,Hernandez,15399,340
863,Isabella,White,17385,545
864,William,Rodriguez,48470,498
865,Bob,Brown,49330,787
866,Lucas,Thomas,748,49
867,Isabella,Lee,21520,672
868,Daniel,Walker,14141,713
869,Alice,Walker,16261,501
870,William,Rodriguez,45458,255
871,Olivia,Wright,2291,95
872,John,Rodriguez,16880,43
873,Mia,Walker,42085,241
874,Bob,Garcia,42750,474
875,Mia,Gonzalez,33111,114
876,Emily,Martinez,34796,98
877,Sophia,Martin,7787,854
878,Alexander,Jackson,34118,159
879,David,Davis,42997,749
880,Ava,Wright,32923,377
881,Isabella,Gonzalez,14393,194
882,Lucas,Johnson,11709,648
883,Lucas,Moore,16113,534
884,Ethan,Smith,5295,411
885,Bob,Walker,37041,139
886,Liam,Taylor,683,627
887,David,Lee,9629,142
888,Lucas,Clark,26717,641
889,Emma,Anderson,10394,481
890,David,Lee,43155,509
891,Alexander,Rodriguez,28135,223
892,Charlotte,White,30262,447
893,Noah,Rodriguez,26773,504
894,Charlotte,Thomas,21618,176
895,Ethan,Johnson,43536,887
896,Alexander,Thomas,32397,14
897,Lucas,Lopez,40294,366
898,Bob,Jackson,35281,630
899,Noah,Jackson,30395,455
900,Bob,Davis,41936,100
901,Olivia,Wilson,17616,856
902,Olivia,Jackson,15781,118
903,Sophia,Garcia,37514,789
904,Ava,Thomas,10785,159
905,Noah,Gonzalez,24635,154
906,Ava,Wilson,31551,823
907,Olivia,Taylor,44845,437
908,Daniel,Thompson,10148,819
909,Eva,Johnson,38249,855
910,Alexander,Brown,22954,247
911,Amelia,Jackson,47973,619
912,Harper,Clark,15947,32
913,James,Thompson,11146,550
914,David,Taylor,21866,356
915,Amelia,Thomas,550,317
916,Michael,Lopez,38857,877
917,Emma,Gonzalez,9157,448
918,William,Martin,1639,483
919,Isabella,Anderson,16071,589
920,Emily,Gonzalez,12482,356
921,Emily,Thompson,777,2
922,John,Martinez,32962,394
923,Michael,Wilson,21986,547
924,Lucas,Rodriguez,44915,854
925,Amelia,Gonzalez,11826,585
926,Emma,Rodriguez,10919,426
927,Amelia,Wright,37017,280
928,Noah,Lopez,32416,161
929,Mia,Brown,36495,460
930,Ethan,Williams,44666,367
931,Eva,Gonzalez,14787,233
932,Alice,Anderson,21856,138
933,Ava,Smith,15760,202
934,Emma,Johnson,12081,128
935,Alice,Wright,21594,674
936,Emily,Brown,14396,320
937,William,Moore,40602,809
938,Emily,Thomas,9656,327
939,Olivia,Taylor,26824,791
940,Ava,Clark,2366,472
941,William,Martin,24406,245
942,Daniel,Anderson,7315,902
943,William,Hernandez,6221,547
944,Emma,Wilson,49117,262
945,Olivia,Rodriguez,10182,469
946,Noah,Brown,18247,348
947,Isabella,Martinez,26495,746
948,Charlotte,Walker,41034,433
949,Amelia,Walker,32281,75
950,Ava,Lee,5509,487
951,Daniel,Moore,43580,406
952,Sophia,Taylor,13686,587
953,John,Anderson,20730,163
954,Harper,White,24465,300
955,Amelia,Wilson,3522,620
956,Charlotte,Williams,44034,198
957,John,Moore,10404,298
958,Amelia,Rodriguez,18754,887
959,Sophia,Clark,5248,179
960,Eva,Gonzalez,31040,544
961,John,Rodriguez,39073,122
962,Ava,Thompson,1934,372
963,Grace,Lee,2709,611
964,Alexander,Williams,4108,283
965,Daniel,Rodriguez,20226,263
966,Alexander,Martinez,31013,945
967,Charlotte,Thomas,4156,312
968,Liam,Thompson,27720,257
969,Liam,Davis,8728,36
970,Noah,Williams,30175,430
971,William,Wilson,49313,67
972,Mia,Wilson,39233,689
973,Mia,Gonzalez,5828,91
974,Mia,Thomas,30107,658
975,Daniel,Thompson,9424,805
976,Alice,Gonzalez,46257,878
977,Ethan,Smith,36058,485
978,Liam,Rodriguez,6177,412
979,Charlotte,Moore,29163,729
980,John,Thompson,44889,776
981,Bob,Thomas,14176,449
982,Emily,White,6065,896
983,Emily,Jackson,11142,512
984,Sophia,Jackson,45963,800
985,Eva,Smith,38858,598
986,Alexander,Williams,18455,616
987,Emma,Jackson,5576,808
988,Bob,Thomas,29196,429
989,Harper,Martinez,48994,298
990,Alexander,Garcia,16612,575
991,Bob,Thompson,49079,877
992,Lucas,Williams,18381,158
993,William,Brown,647,127
994,Emily,Martin,43877,463
995,John,White,15923,683
996,John,Walker,756,806
997,Isabella,Brown,30002,331
998,Noah,Thompson,47509,838
999,Benjamin,Williams,8229,800
1000,Lucas,Thompson,21624,262
